dates,y_pred_test,y_actual,y_diff,ticker
2019-09-19,-0.24559811031721424,-0.8925251022684968,0.6469269919512826,LKOH
2019-09-20,-0.13890694524055647,-1.838649155722326,1.6997422104817694,LKOH
2019-09-23,0.10617402005617294,1.1850152905198676,-1.0788412704636947,LKOH
2019-09-24,-0.34455944081136636,-1.3978088401964364,1.05324939938507,LKOH
2019-09-25,-0.016699707639332928,0.45977011494252196,-0.4764698225818549,LKOH
2019-09-26,0.15013987721629718,0.228832951945094,-0.07869307472879683,LKOH
2019-09-27,-0.015468837058865148,0.6849315068493098,-0.700400343908175,LKOH
2019-09-30,-0.07226161164352618,0.22675736961451776,-0.29901898125804394,LKOH
2019-10-01,-0.15473481782028742,1.2066365007541506,-1.361371318574438,LKOH
2019-10-02,-0.7395658318428175,-1.4903129657228043,0.7507471338799867,LKOH
2019-10-03,0.017139913778528637,0.8698940998486968,-0.8527541860701682,LKOH
2019-10-04,-0.2317038594014491,1.0873640794900759,-1.319067938891525,LKOH
2019-10-07,0.12343445534272135,-1.3353115727002915,1.458746028043013,LKOH
2019-10-08,-0.08824344248924731,0.9774436090225365,-1.0656870515117838,LKOH
2019-10-09,0.14785355307450132,-0.44676098287415655,0.5946145359486579,LKOH
2019-10-10,0.2602659916073691,-0.3365744203440606,0.5968404119514297,LKOH
2019-10-11,0.154921197033282,-0.5628517823639747,0.7177729793972567,LKOH
2019-10-14,-0.16530357675922147,0.37735849056605275,-0.5426620673252742,LKOH
2019-10-15,0.11357514277229086,0.3759398496240465,-0.2623647068517556,LKOH
2019-10-16,0.28655006401420025,-0.3745318352059748,0.661081899220175,LKOH
2019-10-17,0.11835665544886353,0.03759398496239541,0.08076267048646812,LKOH
2019-10-18,0.11848961239941502,0.3382187147688853,-0.2197291023694703,LKOH
2019-10-21,0.10325653563389636,3.552713678800501e-15,0.10325653563389281,LKOH
2019-10-22,0.45298663070207823,0.29962546816479474,0.1533611625372835,LKOH
2019-10-23,0.0575756740194997,0.14936519790887814,-0.09178952388937844,LKOH
2019-10-24,0.20048411470674665,-1.04399701715138,1.2444811318581266,LKOH
2019-10-25,-0.03795691486083186,0.2260738507912734,-0.26403076565210526,LKOH
2019-10-28,-0.9672649019499708,-0.22556390977445417,-0.7417009921755167,LKOH
2019-10-29,0.12429561762116847,0.2260738507912734,-0.10177823317010493,LKOH
2019-10-30,0.12895601363813824,-0.37593984962407845,0.5048958632622167,LKOH
2019-10-31,-0.21847770747592676,-0.377358490566035,0.15888078309010822,LKOH
2019-11-01,0.35907789809405344,0.37878787878786824,-0.0197099806938148,LKOH
2019-11-05,0.15013987721629718,-0.3018867924528408,0.45202666966913796,LKOH
2019-11-06,0.27061084820952885,0.37850113550341646,-0.10789028729388761,LKOH
2019-11-07,0.36832923711437715,-0.263951734539976,0.6322809716543532,LKOH
2019-11-08,-0.23529763801318992,0.2646502835538769,-0.4999479215670668,LKOH
2019-11-11,0.11183490397164775,1.1312217194570096,-1.0193868154853618,LKOH
2019-11-12,0.06932777323535788,0.29828486204326055,-0.22895708880790266,LKOH
2019-11-13,-0.25684930695630825,-0.11152416356878092,-0.14532514338752733,LKOH
2019-11-14,0.10617402005617294,0.3721622627465706,-0.26598824269039767,LKOH
2019-11-15,0.16948838960655976,-1.3348164627363772,1.504304852342937,LKOH
2019-11-18,0.0714221754933213,0.11273957158963555,-0.04131739609631424,LKOH
2019-11-19,0.3024724552524596,1.3138138138137876,-1.011341358561328,LKOH
2019-11-20,-0.014041501036505366,-0.333456835865114,0.3194153348286086,LKOH
2019-11-21,0.08810483521210699,0.03717472118957943,0.05093011402252756,LKOH
2019-11-22,0.38480226731204326,0.1486436269044944,0.23615864040754886,LKOH
2019-11-25,0.29618380284760804,0.8905380333951918,-0.5943542305475837,LKOH
2019-11-26,-0.04036368823371461,-1.0665685913938994,1.0262049031601848,LKOH
2019-11-27,0.05264254987371331,0.3717472118959151,-0.3191046620222018,LKOH
2019-11-29,0.03870575603244575,-0.25744759102610715,0.2961533470585529,LKOH
2019-12-02,0.16698427090949508,-0.4793510324483954,0.6463353033578905,LKOH
2019-12-03,-0.34045295457647384,-0.333456835865114,-0.0069961187113598555,LKOH
2019-12-04,-0.03815300303487845,0.8178438661710068,-0.8559968692058852,LKOH
2019-12-05,0.1858934490448334,-0.11061946902655606,0.29651291807138946,LKOH
2019-12-06,0.15013987721629718,1.0705057216685105,-0.9203658444522134,LKOH
2019-12-09,0.2522373129020714,0.9861212563915203,-0.7338839434894489,LKOH
2019-12-10,0.026574902419049806,-0.5424954792043337,0.5690703816233835,LKOH
2019-12-11,0.36832923711437715,0.5090909090909008,-0.14076167197652367,LKOH
2019-12-12,0.29507529763935736,1.53102180657595,-1.2359465089365926,LKOH
2019-12-13,0.47346379346094736,0.22271714922049668,0.2507466442404507,LKOH
2019-12-16,0.12895601363813824,-0.14814814814814525,0.2771041617862835,LKOH
2019-12-17,0.3840637995701499,0.14836795252225699,0.23569584704789293,LKOH
2019-12-18,0.0996010571639161,0.11111111111110361,-0.011510053947187515,LKOH
2019-12-19,-0.34774080026104315,-0.11098779134295,-0.23675300891809314,LKOH
2019-12-20,0.14785355307450132,-0.14814814814814525,0.2960017012226466,LKOH
2019-12-23,0.13425665792006924,1.001483679525208,-0.8672270216051388,LKOH
2019-12-24,-0.10706874561185842,0.07344840249726303,-0.18051714810912145,LKOH
2019-12-27,0.45236315449488984,0.5454545454545574,-0.09309139095966756,LKOH
2019-12-30,-0.15195795883560947,0.5424954792043373,-0.6944534380399467,LKOH
2020-01-03,0.39153759219437845,1.1151079136690711,-0.7235703214746927,LKOH
2020-01-06,0.11848961239941502,-0.8893632159373865,1.0078528283368016,LKOH
2020-01-08,0.2887518378057585,0.8614501076812608,-0.5726982698755023,LKOH
2020-01-09,0.4763399507657766,0.7117437722419844,-0.23540382147620775,LKOH
2020-01-10,0.2743264003561876,0.5653710247350041,-0.2910446243788165,LKOH
2020-01-13,0.21551552570100085,0.5621925509486942,-0.3466770252476934,LKOH
2020-01-14,0.5273895104861914,3.1446540880503164,-2.617264577564125,LKOH
2020-01-15,-0.16682603130392692,-1.0840108401084088,0.9171848088044818,LKOH
2020-01-16,0.20089584406067118,3.9041095890411093,-3.703213744980438,LKOH
2020-01-17,0.36380328590557554,-1.4502307185234073,1.8140340044289829,LKOH
2020-01-21,-0.17441173622468753,-0.3355704697986397,0.16115873357395216,LKOH
2020-01-22,-0.48928994212657173,-1.346801346801353,0.8575114046747814,LKOH
2020-01-23,-0.27117605631322306,-1.7064846416382338,1.4353085853250107,LKOH
2020-01-24,0.16594772895643217,1.5625000000000142,-1.396552271043582,LKOH
2020-01-27,-1.2091535663432467,-0.5811965811965791,-0.6279569851466675,LKOH
2020-01-28,0.3024724552524596,1.6506189821183028,-1.3481465268658432,LKOH
2020-01-29,0.2671352382873202,0.4736129905277373,-0.2064777522404171,LKOH
2020-01-30,-0.4722453763701111,-0.33670033670033916,-0.13554503966977194,LKOH
2020-01-31,-0.44720670538696794,-0.6081081081080875,0.16090140272111952,LKOH
2020-02-03,-0.21535561916180157,-0.8497620666213628,0.6344064474595612,LKOH
2020-02-04,0.36832923711437715,1.8169352074048746,-1.4486059702904974,LKOH
2020-02-05,0.12895601363813824,1.683501683501678,-1.5545456698635398,LKOH
2020-02-06,-0.16196879749679383,0.6291390728476927,-0.7911078703444865,LKOH
2020-02-07,0.05824407560171352,-0.3948667324777837,0.4531108080794972,LKOH
2020-02-10,-0.3451649133138126,-0.2642880740006568,-0.08087683931315581,LKOH
2020-02-11,0.3756222498639339,1.523683338853921,-1.1480610889899872,LKOH
2020-02-12,0.2656208444094901,1.1419249592169685,-0.8763041148074784,LKOH
2020-02-13,0.2062058449151678,1.2903225806451424,-1.0841167357299746,LKOH
2020-02-14,0.05492534961870277,-0.477707006369414,0.5326323559881168,LKOH
2020-02-18,-0.4609590009413971,-2.6122969098438986,2.1513379089025015,LKOH
2020-02-19,0.2249336866113545,1.86457311089303,-1.6396394242816754,LKOH
2020-02-20,0.10803724905182577,0.4816955684007844,-0.37365831934895866,LKOH
2020-02-21,-0.242616658148453,0.12783636944710963,-0.37045302759556265,LKOH
2020-02-25,-2.0384362092316586,-3.574848388126398,1.5364121788947394,LKOH
2020-02-26,0.02357776234499198,2.284011916583914,-2.260434154238922,LKOH
2020-02-27,-2.341519299930095,-2.9449838187702255,0.6034645188401306,LKOH
2020-02-28,-2.463266156530139,-0.3667889296432101,-2.096477226886929,LKOH
2020-03-02,-0.36672677190843217,-2.208835341365475,1.842108569457043,LKOH
2020-03-03,0.9613046495021287,1.197809719370273,-0.23650506986814435,LKOH
2020-03-04,0.28655006401420025,0.20290835306053978,0.08364171095366046,LKOH
2020-03-05,-0.05243892134023298,-0.47249409382384044,0.42005517248360746,LKOH
2020-03-06,-2.3403108268461814,-1.3903017972193865,-0.9500090296267949,LKOH
2020-03-10,-1.6043271223601572,-4.195323246217317,2.5909961238571597,LKOH
2020-03-11,-0.32676638255722423,-1.5793251974156561,1.252558814858432,LKOH
2020-03-12,-2.5455113270361807,-5.908096280087534,3.3625849530513534,LKOH
2020-03-13,0.6956145322949823,-3.1007751937984516,3.796389726093434,LKOH
2020-03-16,-1.2328669900253502,-2.7199999999999953,1.4871330099746451,LKOH
2020-03-17,-0.7901072101456954,-4.810855263157901,4.0207480530122055,LKOH
2020-03-18,-1.6847295330023613,0.6479481641468858,-2.332677697149247,LKOH
2020-03-19,2.508376082956403,4.07725321888411,-1.568877135927707,LKOH
2020-03-20,1.9613122503241236,1.1958762886598038,0.7654359616643198,LKOH
2020-03-23,-1.2553227067771964,-1.5484922575387152,0.29316955076151885,LKOH
2020-03-24,2.2586860390145382,3.8079470198675587,-1.5492609808530204,LKOH
2020-03-25,0.180475232260342,0.6778309409888195,-0.49735570872847745,LKOH
2020-03-26,0.4864915744072924,1.6237623762376252,-1.1372708018303328,LKOH
2020-03-27,-2.074873012779669,-2.6110678098207245,0.5361947970410554,LKOH
2020-03-30,0.3618111686743113,-0.6802721088435391,1.0420832775178503,LKOH
2020-03-31,1.6851248360394528,3.7066881547139268,-2.021563318674474,LKOH
2020-04-01,-0.4635528204816559,-1.3209013209013065,0.8573485004196506,LKOH
2020-04-02,0.28508755291495547,0.3543307086614078,-0.06924315574645235,LKOH
2020-04-03,0.24820120338765506,0.8630835621812629,-0.6148823587936079,LKOH
2020-04-06,1.56885100469594,2.6448852586541953,-1.0760342539582552,LKOH
2020-04-07,-0.05901713965181443,-0.9852216748768221,0.9262045352250077,LKOH
2020-04-08,0.5030441504648415,1.798698813624192,-1.2956546631593504,LKOH
2020-04-09,0.13850675588943773,-0.4135338345864845,0.5520405904759222,LKOH
2020-04-14,0.07384844151345504,3.0683918669131067,-2.9945434253996517,LKOH
2020-04-15,-2.393220553056949,-3.9454806312768973,1.5522600782199483,LKOH
2020-04-16,0.2643254317359336,0.8961911874533186,-0.631865755717385,LKOH
2020-04-17,0.4034944605228574,-0.44411547002220075,0.8476099305450582,LKOH
2020-04-20,-0.15760250881607973,0.2973977695167278,-0.45500027833280754,LKOH
2020-04-21,-0.6936173739408993,-0.6671608598962031,-0.026456514044696178,LKOH
2020-04-22,0.8311963088633298,0.8208955223880423,0.010300786475287538,LKOH
2020-04-23,0.2767073538901208,-0.44411547002220075,0.7208228239123216,LKOH
2020-04-24,-0.8209516984432206,-0.37174721189589377,-0.4492044865473268,LKOH
2020-04-27,0.25251562296802277,0.9328358208955194,-0.6803201979274967,LKOH
2020-04-28,0.6694364717950272,0.2957486136783629,0.3736878581166643,LKOH
2020-04-29,0.2249336866113545,1.1795060818282224,-0.9545723952168679,LKOH
2020-04-30,-0.22691862124024098,2.149362477231332,-2.3762810984715728,LKOH
2020-05-04,-0.1554342054251059,-1.2482168330955652,1.0927826276704593,LKOH
2020-05-05,0.2560504433858455,3.3224990971469666,-3.066448653761121,LKOH
2020-05-06,-0.5387891176348631,-1.9224047535826614,1.3836156359477982,LKOH
2020-05-07,0.14785355307450132,-4.13399857448325,4.281852127557752,LKOH
2020-05-12,-0.03774789145995783,0.11494252873565003,-0.15269042019560786,LKOH
2020-05-13,-0.5165801797933405,1.798698813624192,-2.3152789934175324,LKOH
2020-05-14,-0.32577527704525977,-0.7142857142857189,0.3885104372404591,LKOH
2020-05-15,0.10816420286723272,-0.1893222264293648,0.2974864292965975,LKOH
2020-05-18,0.9990327709897393,0.45523520485584257,0.5437975661338967,LKOH
2020-05-19,0.12643421272408517,-0.30211480362537557,0.42854901634946074,LKOH
2020-05-20,0.4527602861316282,0.37878787878786824,0.07397240734375998,LKOH
2020-05-21,-1.6053377191796336,-0.7924528301886724,-0.8128848889909612,LKOH
2020-05-22,-0.005121389818114608,-0.07607455306201061,0.070953163243896,LKOH
2020-05-26,0.20054997053225776,0.7148231753197969,-0.5142732047875391,LKOH
2020-05-27,0.009677534752441375,3.552713678800501e-15,0.009677534752437822,LKOH
2020-05-28,0.56161203366322,1.1206574523720576,-0.5590454187088376,LKOH
2020-05-29,-1.5254573497666897,1.1082379017362385,-2.633695251502928,LKOH
2020-06-01,0.49534380843396875,0.5845816587504515,-0.08923785031648279,LKOH
2020-06-02,0.7893614893337961,1.2350163458045742,-0.44565485647077807,LKOH
2020-06-03,0.5646049817857488,0.609974883387153,-0.045369901601404194,LKOH
2020-06-04,-0.813897141512637,-0.891583452211119,0.07768631069848198,LKOH
2020-06-05,0.3688904062160674,-0.035984166966535724,0.4048745731826031,LKOH
2020-06-08,0.6976925919910073,1.0799136069114432,-0.3822210149204359,LKOH
2020-06-09,-0.027417064205454977,0.07122507122507571,-0.09864213543053069,LKOH
2020-06-10,0.12795346812983155,-0.4982206405694072,0.6261741086992387,LKOH
2020-06-11,-0.8785897538389058,-2.253218884120166,1.37462913028126,LKOH
2020-06-15,-0.34173676657757923,0.2927186242224593,-0.6344553908000385,LKOH
2020-06-16,0.627999978959263,1.7876687340386717,-1.1596687550794087,LKOH
2020-06-17,-0.039709285072621725,0.17921146953403877,-0.2189207546066605,LKOH
2020-06-18,-0.2161566574746132,0.35778175313060245,-0.5739384106052157,LKOH
2020-06-19,0.2114604892907863,2.766839188809996,-2.55537869951921,LKOH
2020-06-22,0.11848961239941502,-1.0473094980137354,1.1657991104131504,LKOH
2020-06-23,0.14969288242402357,-0.510948905109494,0.6606417875335175,LKOH
2020-06-25,-0.5510302024712495,-0.5502567865003769,-0.0007734159708725485,LKOH
2020-06-26,-0.19051586490654415,1.1803762449280697,-1.3708921098346138,LKOH
2020-06-29,0.22178794775712163,0.2551950419249138,-0.033407094167792195,LKOH
2020-06-30,-0.37942004232768767,1.2727272727272698,-1.6521473150549575,LKOH
2020-07-02,1.024570423602487,-0.35906642728905425,1.3836368508915413,LKOH
2020-07-06,0.28099949468940366,-0.45598035776919943,0.7369798524586031,LKOH
2020-07-07,-0.147974820846823,3.552713678800501e-15,-0.14797482084682656,LKOH
2020-07-08,-0.09623906787642156,0.4580690627202202,-0.5543081305966417,LKOH
2020-07-09,-0.26363283674851345,0.03507541213607723,-0.2987082488845907,LKOH
2020-07-10,0.13197092170082314,-0.4207573632538484,0.5527282849546715,LKOH
2020-07-13,-0.545078054162957,0.3521126760563398,-0.8971907302192967,LKOH
2020-07-14,-0.2973637279698238,-0.5964912280701711,0.2991275001003473,LKOH
2020-07-15,0.24911904252155992,0.24708789269324782,0.0020311498283120955,LKOH
2020-07-16,-0.05159717001751929,-1.2323943661971732,1.180797196179654,LKOH
2020-07-17,0.26067963903750524,0.5347593582887562,-0.27407971925125096,LKOH
2020-07-20,0.6012320394174395,2.482269503546103,-1.8810374641286636,LKOH
2020-07-21,0.2802630287206114,0.622837370242209,-0.3425743415215976,LKOH
2020-07-22,0.027556854344236825,-0.6877579092159714,0.7153147635602082,LKOH
2020-07-23,0.03384732912211419,-1.3157894736841946,1.3496368028063088,LKOH
2020-07-24,0.28953323101954,-0.5614035087719351,0.8509367397914751,LKOH
2020-07-27,0.1270553788874409,-0.564573041637253,0.6916284205246939,LKOH
2020-07-28,0.1819058784290597,-1.5259048970901397,1.7078107755191994,LKOH
2020-07-29,0.5648787137125773,1.2972972972972947,-0.7324185835847175,LKOH
2020-07-30,-0.5750993950885679,-0.35574528637493685,-0.21935410871363104,LKOH
2020-07-31,0.28655006401420025,1.0710460549803607,-0.7844959909661604,LKOH
2020-08-03,0.03855064032528688,0.035323207347225605,0.003227432978061273,LKOH
2020-08-04,0.30683623490831735,0.3884180790960343,-0.08158184418771697,LKOH
2020-08-05,0.12127428539911378,-1.5124868097080615,1.6337610951071753,LKOH
2020-08-06,-0.028605069700269325,0.8214285714285907,-0.85003364112886,LKOH
2020-08-07,-0.38856246222101376,-0.5667729365922938,0.17821047437128001,LKOH
2020-08-10,0.09542827989509206,0.9975062344139687,-0.9020779545188766,LKOH
2020-08-11,0.27357288825190906,-1.9400352733686042,2.213608161620513,LKOH
2020-08-12,0.3781073208859098,-1.5107913669064814,1.8888986877923912,LKOH
2020-08-13,0.15904816246057152,0.6939371804236707,-0.5348890179630992,LKOH
2020-08-14,-0.19303381478125203,-0.07254261878853896,-0.12049119599271307,LKOH
2020-08-17,-0.07051427598640458,-1.234119782214151,1.1636055062277464,LKOH
2020-08-18,0.059352598080302243,-0.3675119441381831,0.42686454221848535,LKOH
2020-08-19,0.2525064274761455,1.954998155662107,-1.7024917281859615,LKOH
2020-08-20,-1.8150056101524576,-1.7366136034731987,-0.07839200667925894,LKOH
2020-08-21,-0.11047100664460174,0.07363770250366386,-0.1841087091482656,LKOH
2020-08-24,0.23217263896573925,0.25754231052242815,-0.0253696715566889,LKOH
2020-08-25,-0.1427075180227746,-0.47706422018348604,0.33435670216071145,LKOH
2020-08-26,0.21415931281533673,0.3318584070796433,-0.11769909426430658,LKOH
2020-08-27,-0.6419676121333282,-0.0735023888276416,-0.5684652233056866,LKOH
2020-08-28,-0.9786923469198214,0.11033468186834483,-1.0890270287881663,LKOH
2020-09-01,0.3891116845464282,2.1924934968413368,-1.8033818122949086,LKOH
2020-09-02,-0.1977934996016799,3.552713678800501e-15,-0.19779349960168346,LKOH
2020-09-03,-0.45498517380913484,0.07272727272725987,-0.5277124465363947,LKOH
2020-09-04,-0.05322137820894568,-0.7994186046511622,0.7461972264422165,LKOH
2020-09-08,-0.4169957914932034,-0.4014598540145897,-0.015535937478613704,LKOH
2020-09-09,0.1858934490448334,0.7328691828508482,-0.5469757338060148,LKOH
2020-09-10,0.27609716275940244,0.1818843215714807,0.09421284118792173,LKOH
2020-09-11,0.06181775395632272,-0.1089324618736498,0.17075021582997252,LKOH
2020-09-14,0.6121300868153128,0.47255543438749115,0.13957465242782163,LKOH
2020-09-15,0.45298663070207823,0.2170767004341556,0.23590993026792262,LKOH
2020-09-16,-0.03003629090378368,1.2635379061371985,-1.2935741970409822,LKOH
2020-09-17,-0.0067909781653945345,3.4224598930481136,-3.429250871213508,LKOH
2020-09-18,-0.2362398272413273,-0.9307135470527257,0.6944737198113984,LKOH
2020-09-21,-2.076958292562452,-3.270702853166334,1.1937445606038821,LKOH
2020-09-22,-0.05699363184468709,-0.6474820143884905,0.5904883825438034,LKOH
2020-09-23,0.11638689822675374,-0.14482259232439887,0.2612094905511526,LKOH
2020-09-24,-0.011602192802676825,3.552713678800501e-15,-0.011602192802680378,LKOH
2020-09-25,-0.40703243131003575,-0.1087744742567196,-0.29825795705331615,LKOH
2020-09-28,0.5995114196981817,2.3230490018149013,-1.7235375821167196,LKOH
2020-09-29,-0.5003775644144106,-0.4966300106420718,-0.0037475537723388186,LKOH
2020-09-30,-0.15701060910443232,-0.9982174688057022,0.8412068597012698,LKOH
2020-10-01,-0.38982780436505493,-0.5041411595246679,0.11431335515961294,LKOH
2020-10-02,-0.30680639283210454,-0.5428881650379864,0.2360817722058819,LKOH
2020-10-05,0.12895601363813824,0.07278020378455707,0.05617580985358117,LKOH
2020-10-06,0.14158060408782092,1.1999999999999886,-1.0584193959121677,LKOH
2020-10-07,-0.721408705888269,-2.048149478979507,1.3267407730912382,LKOH
2020-10-08,0.19745384935963983,0.8804108584005874,-0.6829570090409476,LKOH
2020-10-09,-0.3932630305827658,-0.47272727272726556,0.07946424214449976,LKOH
2020-10-12,-0.03815300303487845,-0.803799780781894,0.7656467777470155,LKOH
2020-10-13,-0.3757309825690207,-0.6629834254143638,0.2872524428453431,LKOH
2020-10-14,0.20639347612198122,0.4449388209121423,-0.2385453447901611,LKOH
2020-10-15,-0.5757972641166198,-0.6644518272425408,0.08865456312592102,LKOH
2020-10-16,-0.4254782970078921,0.2972872538090101,-0.7227655508169022,LKOH
2020-10-19,-0.1923349134094181,-0.703964431270844,0.5116295178614259,LKOH
2020-10-20,0.36481888953270314,0.6716417910447738,-0.3068229015120707,LKOH
2020-10-21,-0.1402611115077299,-0.6300963676797622,0.4898352561720323,LKOH
2020-10-22,0.6519114072069598,0.03729951510630869,0.6146118921006511,LKOH
2020-10-23,0.024807537764832688,-0.8948545861297603,0.919662123894593,LKOH
2020-10-26,-0.5151621967083564,0.2633559066967557,-0.7785181034051121,LKOH
2020-10-27,-0.6099679209030704,-0.18761726078797736,-0.42235066011509304,LKOH
2020-10-28,-0.8816071513547961,-1.8045112781954948,0.9229041268406988,LKOH
2020-10-29,0.2835276085663736,-0.459418070444098,0.7429456790104716,LKOH
2020-10-30,-0.38330367878833727,-0.5769230769230838,0.1936193981347465,LKOH
2020-11-02,0.2249336866113545,0.8510638297872362,-0.6261301431758817,LKOH
2020-11-03,0.5018051984278671,0.7288070579209851,-0.22700185949311802,LKOH
2020-11-05,0.4289921931036247,1.1424219345011473,-0.7134297413975226,LKOH
2020-11-06,0.15209370529363042,0.48945783132529286,-0.33736412603166244,LKOH
2020-11-09,0.7374777248885245,2.210565754964403,-1.4730880300758784,LKOH
2020-11-10,0.17199382674980157,3.552713678800501e-15,0.17199382674979802,LKOH
2020-11-11,0.3903478019968354,-0.5498533724340255,0.9402011744308609,LKOH
2020-11-12,0.14785355307450132,0.9952082565425755,-0.8473547034680742,LKOH
2020-11-13,-0.3159502824444935,-0.036496350364970453,-0.27945393207952307,LKOH
2020-11-16,0.5370293536065809,-0.10952902519166585,0.6465583787982467,LKOH
2020-11-17,-0.4243411674728108,-0.03654970760234022,-0.3877914598704706,LKOH
2020-11-18,0.09703201278410134,0.5484460694698363,-0.451414056685735,LKOH
2020-11-19,-0.39404175273925546,0.3272727272727316,-0.7213144800119871,LKOH
2020-11-20,0.23845478960295452,0.036245016310239464,0.20220977329271506,LKOH
2020-11-23,0.12241222837129229,3.552713678800501e-15,0.12241222837128873,LKOH
2020-11-24,0.5018051984278671,3.552713678800501e-15,0.5018051984278635,LKOH
2020-11-25,0.4310065182756482,-0.724637681159404,1.1556441994350521,LKOH
2020-11-27,0.1510526434226911,0.2887044388307416,-0.1376517954080505,LKOH
2020-11-30,-1.4319869972285666,-0.10795250089960007,-1.3240344963289665,LKOH
2020-12-01,0.7827025391156219,0.32420749279538796,0.45849504632023397,LKOH
2020-12-02,0.8835886336167178,0.1795332136445289,0.7040554199721889,LKOH
2020-12-03,-0.7310132055190799,-0.2867383512544741,-0.4442748542646058,LKOH
2020-12-04,0.30342752986694066,-0.25161754133718617,0.5550450712041268,LKOH
2020-12-07,0.139389665623586,0.6846846846846866,-0.5452950190611006,LKOH
2020-12-08,-0.159013187906897,-0.6084466714387915,0.4494334835318945,LKOH
2020-12-09,0.12895601363813824,0.7202016564638214,-0.5912456428256831,LKOH
2020-12-10,0.43235251490829185,0.5005362888809266,-0.06818377397263475,LKOH
2020-12-11,0.3415581579508,-0.39131981501245505,0.7328779729632551,LKOH
2020-12-14,-0.20856777234461887,0.6071428571428719,-0.8157106294874907,LKOH
2020-12-15,0.038717183626797436,1.2069577564785376,-1.1682405728517402,LKOH
2020-12-16,0.31469291433562674,1.3328656611715104,-1.0181727468358837,LKOH
2020-12-17,0.03516037896214286,-0.3145047975968396,0.34966517655898244,LKOH
2020-12-18,-0.28096677926861346,-0.1444043321299766,-0.13656244713863686,LKOH
2020-12-21,-0.8081725270874358,-2.747650036153285,1.9394775090658491,LKOH
2020-12-22,0.3797455477265643,0.7434944237918053,-0.363748876065241,LKOH
2020-12-23,0.37902277985422117,1.0332103321033195,-0.6541875522490983,LKOH
2020-12-24,0.06413243762978027,-0.5113221329437359,0.5754545705735161,LKOH
2020-12-29,0.18119378760365024,0.3235082674334997,-0.14231447982984946,LKOH
2020-12-30,0.14660621916588568,3.552713678800501e-15,0.14660621916588212,LKOH
2021-01-04,0.5595942284186286,0.3941239699032586,0.16547025851537,LKOH
2021-01-05,0.16617431834238872,1.3204853675945678,-1.154311049252179,LKOH
2021-01-06,0.14785355307450132,-0.03522367030643636,0.18307722338093768,LKOH
2021-01-08,0.5501404933458716,0.211416490486247,0.33872400285962456,LKOH
2021-01-11,0.12434201839809234,-0.42194092827004326,0.5462829466681356,LKOH
2021-01-12,-0.020298007623850367,2.224576271186443,-2.2448742788102933,LKOH
2021-01-13,-0.10932910824498521,-0.5181347150259192,0.408805606780934,LKOH
2021-01-14,0.4706483378226345,2.083333333333343,-1.6126849955107083,LKOH
2021-01-15,-0.39504823777901166,0.1700680272108741,-0.5651162649898858,LKOH
2021-01-19,-0.34189396477556855,-0.9405441719852199,0.5986502072096513,LKOH
2021-01-20,0.11848961239941502,0.6103763987792412,-0.4918867863798262,LKOH
2021-01-21,-0.2894559333846871,-0.6403774856757742,0.3509215522910871,LKOH
2021-01-22,-0.32329296957416176,-0.9497964721845307,0.6265035026103689,LKOH
2021-01-25,0.3466832843453105,-0.6164383561643696,0.9631216405096801,LKOH
2021-01-26,0.06532665810679461,0.9303928325292823,-0.8650661744224877,LKOH
2021-01-27,-0.5022722853476083,-0.0341413451689867,-0.46813094017862156,LKOH
2021-01-28,-0.18285038990170932,-1.1612021857923374,0.978351795890628,LKOH
2021-01-29,-1.330156533043624,-2.2114720110573707,0.8813154780137467,LKOH
2021-02-01,0.09204379970122645,0.31802120141342627,-0.22597740171219982,LKOH
2021-02-02,0.45298663070207823,0.35223670306445953,0.1007499276376187,LKOH
2021-02-03,-0.09169902694889842,3.552713678800501e-15,-0.09169902694890197,LKOH
2021-02-04,0.28124846103727563,0.28080028080028896,0.00044818023698667275,LKOH
2021-02-05,0.03384732912211419,0.21001050052501924,-0.17616317140290505,LKOH
2021-02-08,0.620446822754662,0.7684247293049147,-0.14797790655025267,LKOH
2021-02-09,-0.37114395807246225,3.552713678800501e-15,-0.3711439580724658,LKOH
2021-02-10,-0.4403602626673333,-1.005199306759092,0.5648390440917588,LKOH
2021-02-11,-0.03815300303487845,0.4201680672268786,-0.45832107026175706,LKOH
2021-02-12,0.13867251220256804,0.06973500697351298,0.06893750522905506,LKOH
2021-02-16,0.319965166165769,-0.5206525511974966,0.8406177173632656,LKOH
2021-02-17,-0.7512931831923417,0.45359385903697813,-1.2048870422293199,LKOH
2021-02-18,-0.39352446570335076,-0.9725599166377172,0.5790354509343665,LKOH
2021-02-19,0.38734531675794415,-0.5612065941774773,0.9485519109354215,LKOH
2021-02-22,0.05434934283286452,-0.8741258741258697,0.9284752169587343,LKOH
2021-02-24,-0.39585249383689103,0.24691358024691112,-0.6427660740838022,LKOH
2021-03-18,0.00027095189576442635,0.272294077603803,-0.27202312570803855,LKOH
2021-03-19,-1.0512835601562536,-0.03394433129668428,-1.0173392288595693,LKOH
2021-03-22,0.14785355307450132,-0.4074702886247934,0.5553238416992947,LKOH
2021-03-23,-0.4874934671006663,-0.579611319468107,0.09211785236744063,LKOH
2021-03-24,0.48200113921577525,-0.06858710562413606,0.5505882448399113,LKOH
2021-03-25,-0.5378731456117016,-0.2059025394646632,-0.33197060614703844,LKOH
2021-03-26,0.8835886336167178,-0.3782668500687656,1.2618554836854834,LKOH
2021-03-29,0.1868101646896072,2.105626510182951,-1.9188163454933438,LKOH
2021-03-30,0.07872865532054973,-1.5889114266396227,1.6676400819601724,LKOH
2021-03-31,0.07339978473344644,1.3053933356234992,-1.2319935508900528,LKOH
2021-04-01,0.11004260352801865,-0.6442861987114341,0.7543288022394528,LKOH
2021-04-06,-0.3766720338666296,-1.001381215469607,0.6247091816029773,LKOH
2021-04-07,0.3446320635808888,-0.03487966515520213,0.37951172873609096,LKOH
2021-04-08,-0.02337251266528284,-0.2791346824843046,0.2557621698190218,LKOH
2021-04-09,-0.2821548656749897,1.1196641007697679,-1.4018189664447576,LKOH
2021-04-12,0.43020032165799194,0.31141868512110094,0.118781636536891,LKOH
2021-04-13,0.12934093314952833,-0.5519144532597409,0.6812553864092692,LKOH
2021-04-14,0.2249336866113545,0.13874436351022368,0.08618932310113081,LKOH
2021-04-15,0.04207032898221996,-0.38101835815725593,0.4230886871394759,LKOH
2021-04-16,0.1755347302436796,0.17385257301808466,0.001682157225594949,LKOH
2021-04-19,-0.2706377029916993,-0.03471017007984045,-0.23592753291185886,LKOH
2021-04-20,-0.4016581313590102,0.10416666666667496,-0.5058247980256851,LKOH
2021-04-21,0.12871974399265795,0.45091918140824916,-0.3221994374155912,LKOH
2021-04-22,0.27061084820952885,-0.4488950276243031,0.719505875833832,LKOH
2021-04-23,0.15109672011949726,-0.2428026361429083,0.3938993562624056,LKOH
2021-04-26,0.12871974399265795,0.625869262865109,-0.49714951887245107,LKOH
2021-04-27,0.04826879203844214,-0.7256392536282021,0.7739080456666443,LKOH
2021-04-28,-0.4230349569086904,-0.7657500870170644,0.34271513010837396,LKOH
2021-04-29,-0.012450195918734863,-0.6313574184496566,0.6189072225309218,LKOH
2021-04-30,-0.2565314668221639,1.3766325450052932,-1.633164011827457,LKOH
2021-05-04,0.15918294190982607,-1.0793871866295142,1.2385701285393402,LKOH
2021-05-05,0.3797455477265643,1.4783526927138162,-1.0986071449872519,LKOH
2021-05-06,0.13867251220256804,-1.4568158168574215,1.5954883290599895,LKOH
2021-05-07,0.39005343677152027,-0.14079549454418938,0.5308489313157096,LKOH
2021-05-10,0.14689140087231678,1.16320056397603,-1.0163091631037133,LKOH
2021-05-11,-0.18309217998142913,-0.4529616724738581,0.269869492492429,LKOH
2021-05-12,0.1723550963445959,-0.2800140007000458,0.4523690970446417,LKOH
2021-05-13,-0.23706725287597763,-0.491400491400487,0.2543332385245094,LKOH
2021-05-14,0.112076751566768,-0.31746031746031633,0.42953706902708433,LKOH
2021-05-17,0.029731747920106244,0.17692852087754574,-0.1471967729574395,LKOH
2021-05-18,0.42883257534467134,0.10596962204168747,0.32286295330298387,LKOH
2021-05-19,-1.4310626288425397,-0.49400141143260257,-0.9370612174099371,LKOH
2021-05-20,0.20191378513120029,0.5673758865248182,-0.3654621013936179,LKOH
2021-05-21,0.1345855302267296,-0.07052186177714859,0.20510739200387818,LKOH
2021-05-24,0.11848961239941502,0.8821453775582135,-0.7636557651587985,LKOH
2021-05-25,-0.12211519988318287,0.06995452955580461,-0.19206972943898748,LKOH
2021-05-26,0.0996010571639161,-0.9437259699405942,1.0433270271045103,LKOH
2021-05-27,0.09485745266181311,2.5405786873676917,-2.4457212347058785,LKOH
2021-05-28,0.1022143462952414,-0.9291121816930605,1.031326527988302,LKOH
2021-06-01,0.35111310217621394,-0.3454231433506081,0.696536245526822,LKOH
2021-06-02,0.3515381168555365,1.0051993067591027,-0.6536611899035663,LKOH
2021-06-03,0.07682989451615185,-0.06863417982154729,0.14546407433769915,LKOH
2021-06-04,0.13657269693553786,0.06868131868131755,0.06789137825422031,LKOH
2021-06-07,0.12798508986241686,-0.3088538091970001,0.436838899059417,LKOH
2021-06-08,-0.06953185098505799,1.0327022375215265,-1.1022340885065844,LKOH
2021-06-09,0.2828847349747754,-0.715502555366271,0.9983872903410465,LKOH
2021-06-10,0.09291797031788462,0.5833905284831928,-0.4904725581653082,LKOH
2021-06-11,0.12934093314952833,1.2623677925622623,-1.133026859412734,LKOH
2021-06-14,0.18119378760365024,0.3032345013477027,-0.12204071374405245,LKOH
2021-06-15,-0.1940077122673607,-0.40309035942224014,0.20908264715487945,LKOH
2021-06-16,0.049646334964077,-0.47217537942664123,0.5218217143907182,LKOH
2021-06-17,-0.011602192802676825,-1.2876990850559231,1.2760968922532463,LKOH
2021-06-18,-0.30479776098571065,0.44627531754206373,-0.7510730785277744,LKOH
2021-06-21,0.3024724552524596,0.4342366440377532,-0.1317641887852936,LKOH
2021-06-22,0.14785355307450132,0.746799431009979,-0.5989458779354777,LKOH
2021-06-23,0.29618380284760804,-0.635368866925532,0.93155266977314,LKOH
2021-06-24,-0.1666691005053842,-0.35523978685612434,0.18857068635074015,LKOH
2021-06-25,0.11848961239941502,-0.2852049910873511,0.4036946034867661,LKOH
2021-06-28,-0.10209316833087456,0.17876296031462502,-0.2808561286454996,LKOH
2021-06-29,-0.4262278616359012,-1.142041399000714,0.7158135373648129,LKOH
2021-06-30,0.41321095629345095,-0.46931407942237513,0.8825250357158261,LKOH
2021-07-01,0.0783043624226778,0.7254261878853754,-0.6471218254626976,LKOH
2021-07-02,0.11848961239941502,-0.43212099387829284,0.5506106062777079,LKOH
2021-07-06,-0.026358686148395094,3.552713678800501e-15,-0.026358686148398647,LKOH
2021-07-07,0.1696297064345984,0.14456089627755375,0.025068810157044652,LKOH
2021-07-08,-0.3861816311483359,-0.5413208228076556,0.15513919165931966,LKOH
2021-07-09,0.030724910286423324,1.197387518142257,-1.1666626078558338,LKOH
2021-07-12,0.11357514277229086,0.1434205808533484,-0.02984543808105755,LKOH
2021-07-13,0.16714612312265587,0.5728607232366585,-0.4057146001140026,LKOH
2021-07-14,-0.4124641144367196,-1.2459950160199327,0.8335309015832131,LKOH
2021-07-15,-0.4497845144880266,-0.3965392934390728,-0.053245221048953795,LKOH
2021-07-16,-0.21397195098602495,2.4249004705030757,-2.6388724214891006,LKOH
2021-07-19,-1.2668801875559481,-4.169611307420492,2.9027311198645442,LKOH
2021-07-20,0.09946814089291678,-0.036873156342188906,0.13634129723510569,LKOH
2021-07-21,0.3024724552524596,0.6639616377720543,-0.3614891825195947,LKOH
2021-07-22,0.3187762977141766,-0.10993037742763434,0.42870667514181093,LKOH
2021-07-23,-0.13374900024483338,0.36683785766691557,-0.500586857911749,LKOH
2021-07-26,0.10973054480221833,-0.21929824561404487,0.3290287904162632,LKOH
2021-07-27,0.35346649124878127,0.14652014652014245,0.20694634472863882,LKOH
2021-07-28,0.31091469394320725,1.2070226773957629,-0.8961079834525556,LKOH
2021-07-29,0.15013987721629718,-0.6143838091796248,0.7645236863959219,LKOH
2021-07-30,-0.23685119426886203,-0.32727272727270673,0.0904215330038447,LKOH
2021-08-02,0.29618380284760804,3.552713678800501e-15,0.2961838028476045,LKOH
2021-08-03,-0.06830127104997885,0.43779642466251545,-0.5060976957124943,LKOH
2021-08-04,0.2824532954935286,0.5448601525608296,-0.26240685706730105,LKOH
2021-08-05,0.14158060408782092,0.10838150289017534,0.033199101197645575,LKOH
2021-08-06,-0.468388496968835,-0.830025261638383,0.36163676466954797,LKOH
2021-08-09,0.1791715889393828,0.18195050946140867,-0.002778920522025885,LKOH
2021-08-10,0.3024724552524596,0.39956411187795027,-0.09709165662549069,LKOH
2021-08-11,-0.03815300303487845,2.7858176555716447,-2.823970658606523,LKOH
2021-08-12,0.02672201465924573,-0.42238648363251485,0.4491084982917606,LKOH
2021-08-13,-0.007755271145541087,0.35348179568750737,-0.36123706683304846,LKOH
2021-08-16,-0.120987237189631,-0.24656569214512558,0.12557845495549458,LKOH
2021-08-17,0.10870528032296534,0.3531073446327788,-0.24440206430981348,LKOH
2021-08-18,0.05938830804241135,-0.6333567909922735,0.6927450990346848,LKOH
2021-08-19,-1.0775950326678583,-0.814447592067971,-0.26314744059988726,LKOH
2021-08-20,0.16608116700772868,-0.07140307033204252,0.2374842373397712,LKOH
2021-08-23,0.6320051664063513,0.3929974991068441,0.23900766729950718,LKOH
2021-08-24,0.13478937246422973,-0.21352313167260561,0.34831250413683534,LKOH
2021-08-25,0.3159079302172998,0.8559201141226751,-0.5400121839053753,LKOH
2021-08-26,-0.4387003913527856,-0.14144271570014055,-0.29725767565264505,LKOH
2021-08-27,0.10609386022408529,-0.28328611898016476,0.38937997920425005,LKOH
2021-08-31,-0.1513587392805249,-0.5649717514124362,0.41361301213191126,LKOH
2021-09-01,0.3695216213945436,-0.07102272727273018,0.44054434866727377,LKOH
2021-09-02,0.22162260179669957,0.6751954513148526,-0.453572849518153,LKOH
2021-09-03,0.10575248335255694,0.035298270384735986,0.07045421296782095,LKOH
2021-09-08,0.11357514277229086,1.5957446808510696,-1.4821695380787787,LKOH
2021-09-09,-0.028648815972548647,-1.5706806282722638,1.5420318122997152,LKOH
2021-09-10,0.20639347612198122,0.8156028368794317,-0.6092093607574505,LKOH
2021-09-14,0.09223335825747725,-0.24796315975912364,0.3401965180166009,LKOH
2021-09-15,0.15113329909149797,-0.958806818181813,1.109940117273311,LKOH
2021-09-16,-0.1555550128171852,0.2509860164933535,-0.4065410293105387,LKOH
2021-09-17,-0.1898102758627509,-1.6094420600858328,1.419631784223082,LKOH
2021-09-22,0.9597595789577902,1.0993037742762688,-0.13954419531847861,LKOH
2021-09-23,0.12343445534272135,-0.833635375135902,0.9570698304786234,LKOH
2021-09-24,-0.11779986610190818,-0.18274853801172242,0.06494867190981424,LKOH
2021-09-27,0.12343445534272135,-0.21969974368360567,0.343134199026327,LKOH
2021-09-28,-0.20473042517305728,-0.6605504587156084,0.4558200335425511,LKOH
2021-09-29,-0.07661434785914167,-0.517177687476913,0.4405633396177713,LKOH
2021-09-30,0.19643213036372487,1.522465651689565,-1.32603352132584,LKOH
2021-10-01,0.09375683110004474,-0.10972933430870668,0.20348616540875142,LKOH
2021-10-05,0.4814032999631763,-0.36363636363635266,0.845039663599529,LKOH
2021-10-06,-0.7025544269602442,-0.255474452554747,-0.4470799744054972,LKOH
2021-10-08,0.4282551695757846,0.32596885186526237,0.10228631771052221,LKOH
2021-10-11,0.4180789360885768,1.4440433212996489,-1.025964385211072,LKOH
2021-10-12,-0.018668258803067772,0.39145907473309194,-0.4101273335361597,LKOH
2021-10-13,0.006289347079910357,-0.9925558312655198,0.9988451783454302,LKOH
2021-10-15,0.13854832500109282,0.07142857142858716,0.06711975357250566,LKOH
2021-10-18,0.23376114082472554,-0.7137758743754397,0.9475370152001652,LKOH
2021-10-19,0.1025936697127321,-0.5391804457225113,0.6417741154352434,LKOH
2021-10-20,0.12770906136421445,-0.8312251535959341,0.9589342149601485,LKOH
2021-10-21,-0.9549369624469399,0.7288629737609078,-1.6837999362078477,LKOH
2021-10-22,-0.18039588165806464,0.18089725036182003,-0.36129313201988467,LKOH
2021-10-25,0.2551414877338516,-0.21668472372698488,0.4718262114608365,LKOH
2021-10-26,-0.0020984744096566033,0.2895403546869275,-0.2916388290965841,LKOH
2021-10-27,-0.1860958810237392,-0.75784915193071,0.5717532709069708,LKOH
2021-10-28,-0.48112595348136367,-0.6545454545454348,0.1734195010640711,LKOH
2021-10-29,-0.5551659986507147,-0.14641288433383437,-0.40875311431688033,LKOH
2021-11-01,0.2831459996205723,1.3929618768328496,-1.1098158772122773,LKOH
2021-11-02,-0.14166559503149045,1.1930585683297075,-1.334724163361198,LKOH
2021-11-03,-0.16016252523538554,-0.28581636298676827,0.12565383775138272,LKOH
2021-11-05,0.013401734563238676,0.1791472590469212,-0.16574552448368252,LKOH
2021-11-08,0.27242309580762125,1.5379113018598112,-1.26548820605219,LKOH
2021-11-09,0.09839372429497217,-1.6202888340965131,1.7186825583914853,LKOH
2021-11-10,-0.055683605191550356,0.9308986752595629,-0.9865822804511133,LKOH
2021-11-11,0.03855064032528688,-0.2128414331323114,0.2513920734575983,LKOH
2021-11-12,-0.9149668940293587,-1.1020263064344036,0.18705941240504487,LKOH
2021-11-15,0.17057748172646825,0.2875629043853216,-0.11698542265885337,LKOH
2021-11-16,-0.04075451293732257,0.0358422939068177,-0.07659680684414027,LKOH
2021-11-17,0.20522046920716264,0.03582945180937713,0.1693910173977855,LKOH
2021-11-18,-0.5037144364358781,-0.25071633237820734,-0.25299810405767076,LKOH
2021-11-19,-0.7360941759637711,-1.6157989228007317,0.8797047468369605,LKOH
2021-11-22,-0.8117622745243089,-0.7664233576642374,-0.04533891686007152,LKOH
2021-11-23,0.7144206093436267,0.5884516366311132,0.1259689727125135,LKOH
2021-11-24,0.12330535303645007,1.0237659963436947,-0.9004606433072446,LKOH
2021-11-26,-2.3403108268461814,-1.2667390517553372,-1.0735717750908442,LKOH
2021-11-29,0.20577231251289518,0.1832844574780026,0.02248785503489259,LKOH
2021-11-30,0.0052847328513188074,-0.2195389681668658,0.2248237010181846,LKOH
2021-12-01,0.6918601214030033,3.6303630363036525,-2.938502914900649,LKOH
2021-12-02,0.20209626092416855,-0.8138711960368177,1.0159674569609862,LKOH
2021-12-03,-0.4812814433906887,3.552713678800501e-15,-0.48128144339069223,LKOH
2021-12-06,-0.6923688442058697,-0.10702818408848103,-0.5853406601173887,LKOH
2021-12-07,0.3590256544553121,0.7857142857142954,-0.42668863125898326,LKOH
2021-12-08,-1.5766952685685638,-2.01984408221119,0.44314881364262604,LKOH
2021-12-09,0.317413747074653,0.6509945750451998,-0.3335808279705468,LKOH
2021-12-10,-0.4859947669749083,0.07186489399929741,-0.5578596609742057,LKOH
2021-12-13,-1.7668249981472428,-1.4362657091562063,-0.3305592889910365,LKOH
2021-12-14,0.13393336536336164,-0.6921675774134854,0.8261009427768471,LKOH
2021-12-15,0.517739938595664,0.513573000733679,0.004166937861985076,LKOH
2021-12-16,1.6992742378778622,8.2950651007549,-6.595790862877038,LKOH
2021-12-17,-0.3245429950858494,1.3539651837524218,-1.6785081788382712,LKOH
2021-12-20,-0.4974382512684805,-1.374045801526723,0.8766075502582424,LKOH
2021-12-21,0.10816420286723272,0.27089783281734725,-0.16273362995011453,LKOH
2021-12-22,0.35882915400517135,-0.4245465071401,0.7833756611452714,LKOH
2021-12-23,-0.4262278616359012,3.552713678800501e-15,-0.42622786163590476,LKOH
2021-12-30,0.31195345704086463,1.240310077519382,-0.9283566204785174,LKOH
2022-01-04,0.3024724552524596,0.8003048780487703,-0.4978324227963107,LKOH
2022-01-05,-0.19607920352568087,-0.5293005671077609,0.33322136358208,LKOH
2022-01-06,-0.6382304630531834,-0.5321170657544521,-0.10611339729873137,LKOH
2022-01-10,-0.2156869010622522,-0.19105846388994152,-0.02462843717231067,LKOH
2022-01-11,0.2583155285774481,0.07656967840733842,0.1817458501701097,LKOH
2022-01-12,0.15013987721629718,-0.6503442999234821,0.8004841771397793,LKOH
2022-01-13,-1.6637176941184997,-0.23103581055062605,-1.4326818835678736,LKOH
2022-01-14,-0.7150955662619864,-1.8139714395986175,1.098875873336631,LKOH
2022-01-18,-2.8267041779560103,-2.6806526806526705,-0.14605149730333977,LKOH
2022-01-19,1.480679681330166,-0.23952095808382268,1.7202006394139886,LKOH
2022-01-20,0.6417840548089835,3.552713678800501e-15,0.6417840548089799,LKOH
2022-01-21,-0.9044315412915722,-0.40016006402561644,-0.5042714772659558,LKOH
2022-01-24,-2.5455113270361807,-3.897147448774607,1.3516361217384265,LKOH
2022-01-25,0.06962178062603996,0.5852842809364596,-0.5156625003104196,LKOH
2022-01-26,1.043402908536212,0.16625103906899596,0.877151869467216,LKOH
2022-01-27,1.2979040231194254,1.4937759336099603,-0.19587191049053487,LKOH
2022-01-28,0.2932239941654302,-0.8176614881439086,1.1108854823093388,LKOH
2022-01-31,0.3088141903044921,-0.5770816158285328,0.8858958061330249,LKOH
2022-02-01,-0.0964530806935393,1.243781094527371,-1.3402341752209104,LKOH
2022-02-02,0.1691116653211786,-0.12285012285012797,0.2919617881713066,LKOH
2022-02-03,-0.924815147075364,-1.1890118901188984,0.26419674304353435,LKOH
2022-02-04,0.10617402005617294,3.552713678800501e-15,0.10617402005616938,LKOH
2022-02-07,0.1209816425421586,-0.33195020746887494,0.45293185001103353,LKOH
2022-02-08,1.0399805761623568,0.08326394671106385,0.956716629451293,LKOH
2022-02-09,1.147276237672962,0.582362728785359,0.5649135088876029,LKOH
2022-02-10,0.02591984130438263,0.8271298593879237,-0.8012100180835411,LKOH
2022-02-11,-1.2642330160124118,-1.1894995898277472,-0.07473342618466461,LKOH
2022-02-14,-0.9719852600687346,-1.9095060190950512,0.9375207590263166,LKOH
2022-02-15,1.3873554403966004,0.7194244604316573,0.6679309799649431,LKOH
2022-02-16,0.520454417644121,2.3109243697479087,-1.7904699521037877,LKOH
2022-02-17,-2.0270301090770673,-2.2587268993839906,0.23169679030692336,LKOH
2022-02-18,-1.0970040080866674,-1.0924369747899085,-0.004567033296758893,LKOH
2022-02-22,0.7723456599383205,-2.651162790697672,3.4235084506359925,LKOH
2022-02-24,-3.036573433705467,-24.08026755852843,21.043694124822963,LKOH
2022-03-28,-1.0548777723999159,-17.222559126743484,16.167681354343568,LKOH
2022-03-29,-0.4005500066556209,0.36630036630037566,-0.7668503729559966,LKOH
2022-03-30,2.020568844123897,6.861313868613124,-4.840745024489227,LKOH
2022-03-31,2.0728633380000616,13.456284153005466,-11.383420815005405,LKOH
2022-04-01,1.6571154517187487,7.284768211920529,-5.62765276020178,LKOH
2022-04-04,0.3966988791692252,0.8978675645342307,-0.5011686853650055,LKOH
2022-04-05,-2.609509300868723,-6.785317018909904,4.175807718041181,LKOH
2022-04-06,-0.7834729390412853,-2.5059665871121766,1.7224936480708912,LKOH
2022-04-19,-0.7929674937759295,-2.0590253946465396,1.26605790087061,LKOH
2022-04-20,0.7833808735271042,-0.7007708479327235,1.4841517214598277,LKOH
2022-04-21,-1.1092869692200864,-1.4820042342978255,0.37271726507773906,LKOH
2022-04-22,-1.5223049401810904,-0.5014326647564431,-1.0208722754246473,LKOH
2022-04-25,-0.48738007692278273,-2.5197984161267044,2.0324183392039217,LKOH
2022-04-26,1.9390800900258576,3.3973412112259815,-1.458261121200124,LKOH
2022-04-27,1.4066027453383505,6.428571428571438,-5.021968683233087,LKOH
2022-04-28,-0.8919295258023787,-3.3557046979865817,2.463775172184203,LKOH
2022-04-29,1.0619286052706727,-0.2083333333333215,1.2702619386039942,LKOH
2022-05-04,-2.215715928007654,-1.3917884481558822,-0.823927479851772,LKOH
2022-05-05,0.8687224555128523,3.552713678800501e-15,0.8687224555128488,LKOH
2022-05-06,-0.10167667347289111,-2.1171489061397324,2.0154722326668413,LKOH
2022-05-11,0.4311869978804097,0.7209805335255872,-0.2897935356451775,LKOH
2022-05-12,-2.288999978069615,1.28847530422334,-3.577475282292955,LKOH
2022-05-13,0.19438863351845725,-1.342756183745589,1.5371448172640463,LKOH
2022-05-16,1.279402553420109,0.21489971346705516,1.0645028399530538,LKOH
2022-05-17,0.8903813920642918,0.07147962830593002,0.8189017637583618,LKOH
2022-05-18,0.26407344907600105,-0.14285714285714946,0.4069305919331505,LKOH
2022-05-19,0.1020798947083641,-1.359084406294702,1.4611643010030662,LKOH
2022-05-20,-1.6523185538600202,-1.3778100072516253,-0.27450854660839497,LKOH
2022-05-23,-2.3058982682397087,-5.220588235294134,2.914689967054425,LKOH
2022-05-24,-0.17050274294972212,-4.732350659425908,4.561847916476186,LKOH
2022-05-25,0.47348076922604676,0.08143322475570614,0.3920475444703406,LKOH
2022-05-31,-1.180236185183091,-1.6000000000000014,0.4197638148169105,LKOH
2022-06-01,0.19643213036372487,2.3577235772357668,-2.161291446872042,LKOH
2022-06-06,-0.5940862293185347,3.552713678800501e-15,-0.5940862293185383,LKOH
2022-06-07,0.03384732912211419,-0.8130081300813004,0.8468554592034145,LKOH
2022-06-08,0.36023718584361575,-1.4754098360655767,1.8356470219091925,LKOH
2022-06-21,-1.6858155031080528,-0.4152249134948107,-1.2705905896132421,LKOH
2022-06-22,-0.16829211746712502,2.223766504517034,-2.392058621984159,LKOH
2022-06-23,0.437454942982086,-3.1951053704962717,3.6325603134783577,LKOH
2022-06-24,0.07952742749209207,1.0533707865168687,-0.9738433590247766,LKOH
2022-06-27,0.7431641107465801,0.9034051424600342,-0.16024103171345416,LKOH
2022-06-28,-0.28293875378374267,0.826446280991739,-1.1093850347754817,LKOH
2022-06-29,-0.03151236247192557,5.259562841530052,-5.291075204001977,LKOH
2022-06-30,-1.9056761314353068,-3.8286826735885704,1.9230065421532636,LKOH
2022-07-01,1.133506055629315,-0.9446693657219924,2.0781754213513075,LKOH
2022-07-05,0.11357514277229086,-0.33898305084746383,0.4525581936197547,LKOH
2022-07-06,0.3227420931784941,-1.2925170068027079,1.615259099981202,LKOH
2022-07-07,0.41209130142085826,1.3094417643004732,-0.897350462879615,LKOH
2022-07-08,-0.13179384096637392,-0.06802721088434538,-0.06376663008202854,LKOH
2022-07-11,-0.6528386810604161,-2.6548672566371856,2.0020285755767695,LKOH
2022-07-12,-1.0493157474489863,3.552713678800501e-15,-1.0493157474489898,LKOH
2022-07-13,-1.993435630697018,-0.7692307692307594,-1.2242048614662586,LKOH
2022-07-18,-0.2517423527360556,1.7618040873854746,-2.01354644012153,LKOH
2022-07-19,-0.16647800415461944,-1.3157894736842053,1.1493114695295858,LKOH
2022-07-20,0.1183755865784093,-0.491228070175449,0.6096036567538583,LKOH
2022-07-21,-0.4717734751899947,-0.9873060648801122,0.5155325896901175,LKOH
2022-07-22,0.4285065105554473,1.1396011396011403,-0.711094629045693,LKOH
2022-07-25,0.5473163450778387,0.9154929577464905,-0.36817661266865187,LKOH
2022-07-26,0.999490635817633,-0.7676203768318288,1.7671110126494618,LKOH
2022-07-27,0.04262313183073019,0.14064697609001442,-0.09802384425928423,LKOH
2022-07-28,-0.015293440842206962,4.63483146067416,-4.650124901516367,LKOH
2022-07-29,0.43973866597359645,-0.5369127516778534,0.9766514176514498,LKOH
2022-08-01,-0.34064517506430647,-1.1470985155195628,0.8064533404552563,LKOH
2022-08-02,-1.5908595774666345,-0.6825938566552914,-0.9082657208113432,LKOH
2022-08-03,-0.2889669525526237,-0.8247422680412342,0.5357753154886105,LKOH
2022-08-04,-0.11181642140649473,-1.4553014553014698,1.343485033894975,LKOH
2022-08-05,-0.6856116646678458,-2.3909985935302416,1.7053869288623957,LKOH
2022-08-08,0.6548765870406825,-0.5763688760806893,1.2312454631213718,LKOH
2022-08-09,0.5133623255544215,-2.173913043478244,2.6872753690326654,LKOH
2022-08-10,0.48877990722943565,0.8888888888888893,-0.40010898165945363,LKOH
2022-08-11,-0.2560195920852024,-0.5873715124816421,0.3313519203964397,LKOH
2022-08-12,0.8297972691806237,-0.29542097488921826,1.125218244069842,LKOH
2022-08-15,0.32445394109959835,0.4444444444444464,-0.11999050334484807,LKOH
2022-08-16,0.2583155285774481,1.4749262536873005,-1.2166107251098524,LKOH
2022-08-17,-0.40565521174207575,-1.6715116279069697,1.265856416164894,LKOH
2022-08-18,0.0052847328513188074,0.2217294900221809,-0.2164447571708621,LKOH
2022-08-19,-0.020905850804766146,-0.3687315634218429,0.34782571261707673,LKOH
2022-08-22,0.2249336866113545,0.07401924500371493,0.15091444160763956,LKOH
2022-08-23,0.26666379707882726,1.2573964497041352,-0.990732652625308,LKOH
2022-08-24,-0.33856751409963337,-0.2191380569758863,-0.11942945712374708,LKOH
2022-08-25,-0.08369067418421494,1.9765739385065828,-2.0602646126907977,LKOH
2022-08-26,0.33589615222422964,-1.005025125628137,1.3409212778523667,LKOH
2022-08-30,0.053554074455583134,-0.8620689655172491,0.9156230399728322,LKOH
2022-08-31,0.6708911380030749,-0.21739130434781728,0.8882824423508922,LKOH
2022-09-01,0.0663538163234314,0.07262164124908921,-0.006267824925657806,LKOH
2022-09-02,0.4984746713379309,1.306240928882442,-0.807766257544511,LKOH
2022-09-07,-2.045452267319277,0.14326647564469042,-2.1887187429639674,LKOH
2022-09-09,0.4787479987246819,1.575931232091694,-1.0971832333670122,LKOH
2022-09-12,0.4842181362935598,0.8462623413258079,-0.3620442050322481,LKOH
2022-09-13,-0.036677550684959925,-1.1888111888111759,1.152133638126216,LKOH
2022-09-14,-0.14166559503149045,-0.21231422505308473,0.07064863002159427,LKOH
2022-09-15,0.3024724552524596,1.0638297872340488,-0.7613573319815892,LKOH
2022-09-16,-0.05316884852224746,-0.7017543859649109,0.6485855374426635,LKOH
2022-09-19,-0.17101029611365348,0.4946996466431024,-0.6657099427567559,LKOH
2022-09-20,-3.036573433705467,-7.5246132208157555,4.488039787110289,LKOH
2022-09-21,-1.7000625720167513,-3.041825095057039,1.3417625230402876,LKOH
2022-09-22,0.8854691751500283,0.07843137254902643,0.8070378026010019,LKOH
2022-09-23,-2.837852982408087,-5.015673981191227,2.1778209987831403,LKOH
2022-09-26,-3.036573433705467,-14.356435643564355,11.319862209858888,LKOH
2022-09-27,0.24266898170249362,-1.6377649325626322,1.8804339142651258,LKOH
2022-09-28,0.2279036808413082,3.9177277179236043,-3.689824037082296,LKOH
2022-09-29,-0.31222006963167814,-3.016022620169654,2.7038025505379757,LKOH
2022-09-30,0.4167283020502808,3.8872691933916492,-3.4705408913413685,LKOH
2022-10-03,2.2706641684016198,8.13844714686623,-5.867782978464611,LKOH
2022-10-04,0.05613366597434677,0.08650519031142778,-0.030371524337081013,LKOH
2022-10-05,-0.14560099887883027,-1.9878997407087375,1.8422987418299073,LKOH
2022-10-06,0.20916629925405772,0.08818342151676006,0.12098287773729766,LKOH
2022-10-07,-1.1496139442415227,-2.1145374449339194,0.9649235006923966,LKOH
2022-10-10,0.36070136124050833,1.2601260126012654,-0.8994246513607571,LKOH
2022-10-11,0.9369947154762173,6.666666666666657,-5.72967195119044,LKOH
2022-10-12,0.09922619935576549,2.8333333333333393,-2.7341071339775738,LKOH
2022-10-13,-0.007032318165528295,-0.1620745542949784,0.15504223612945012,LKOH
2022-10-14,0.18219633784498157,-0.5681818181818059,0.7503781560267875,LKOH
2022-10-17,1.209025157937969,2.2857142857142705,-1.0766891277763015,LKOH
2022-10-18,0.1729252789964697,0.8778930566640142,-0.7049677776675445,LKOH
2022-10-19,-2.171942311275295,-1.5822784810126649,-0.58966383026263,LKOH
2022-10-20,0.9249849480414838,0.08038585209003912,0.8445990959514447,LKOH
2022-10-21,0.40873511110871164,0.40160642570280913,0.007128685405902502,LKOH
2022-10-24,0.3024724552524596,1.039999999999992,-0.7375275447475325,LKOH
2022-10-25,1.093588920461606,5.8590657165479065,-4.7654767960863005,LKOH
2022-10-26,0.2048318659956223,3.066566940912484,-2.8617350749168615,LKOH
2022-10-27,1.072967361715392,0.21770682148041587,0.8552605402349762,LKOH
2022-10-28,0.0783043624226778,0.8689355539464181,-0.7906311915237403,LKOH
2022-10-31,0.05288112836762693,0.9332376166546901,-0.8803564882870631,LKOH
2022-11-01,0.2678757908226608,0.9957325746799484,-0.7278567838572876,LKOH
2022-11-02,0.17093300811063727,-2.042253521126753,2.2131865292373902,LKOH
2022-11-03,-0.3947300060389658,0.07189072609632774,-0.46662073213529354,LKOH
2022-11-07,1.1137561003255598,3.807471264367827,-2.693715164042267,LKOH
2022-11-08,0.07056415884036227,-0.5536332179930774,0.6241973768334397,LKOH
2022-11-09,-1.0006756179108898,-3.8274182324286876,2.826742614517798,LKOH
2022-11-10,0.7733030459072374,1.4471780028943577,-0.6738749569871203,LKOH
2022-11-11,0.02169511738027552,3.352353780313848,-3.3306586629335726,LKOH
2022-11-14,0.22897536873933078,-0.9661835748792242,1.195158943618555,LKOH
2022-11-15,-0.2941948593355903,-1.9512195121951237,1.6570246528595334,LKOH
2022-11-16,-0.09711348056017854,-0.49751243781095056,0.400398957250772,LKOH
2022-11-17,-0.3620725490868857,-0.21428571428571175,-0.14778683480117394,LKOH
2022-11-18,0.030582285519919594,-0.7158196134574091,0.7464018989773287,LKOH
2022-11-21,-0.7612612925823719,-0.7209805335255943,-0.040280759056777526,LKOH
2022-11-22,0.4719221546566672,1.8881626724764011,-1.416240517819734,LKOH
2022-11-23,0.08370997800504298,-0.855310049893081,0.939020027898124,LKOH
2022-11-25,-0.20330117038613338,0.9345794392523281,-1.1378806096384615,LKOH
2022-11-28,-0.3933303516209712,-1.1396011396011367,0.7462707879801656,LKOH
2022-11-29,0.18338891680180325,0.07204610951009016,0.11134280729171309,LKOH
2022-11-30,-0.14715595930983127,-0.2879769618430572,0.14082100253322594,LKOH
2022-12-01,-0.03504674745814995,0.36101083032490067,-0.3960575777830506,LKOH
2022-12-02,-0.03359689854321246,-0.2877697841726672,0.2541728856294547,LKOH
2022-12-05,0.27586386610815694,-0.07215007215006253,0.34801393825821947,LKOH
2022-12-06,-0.4130989396018947,-0.8664259927797886,0.4533270531778939,LKOH
2022-12-07,-0.11690038866619545,-0.1456664238892884,0.028766035223092956,LKOH
2022-12-08,0.08355873664191904,-0.875273522975931,0.95883225961785,LKOH
2022-12-09,0.05795408550151748,-1.2509197939661476,1.308873879467665,LKOH
2022-12-12,-0.08596585787825717,-1.713859910581231,1.627894052702974,LKOH
2022-12-13,0.18839833413735363,-2.1228203184230487,2.3112186525604024,LKOH
2022-12-14,-0.4745374457428504,-0.9295120061967488,0.4549745604538984,LKOH
2022-12-15,-0.5105825573785232,2.189210320562939,-2.699792877941462,LKOH
2022-12-16,0.18119378760365024,-1.0711553175210362,1.2523491051246864,LKOH
2022-12-19,-0.020329878830629866,-0.6187161639597925,0.5983862851291626,LKOH
2022-12-20,0.22537521257453363,1.1673151750972934,-0.9419399625227598,LKOH
2023-01-11,0.6125650585140967,2.487198244330653,-1.8746331858165561,LKOH
2023-01-12,0.06413243762978027,-0.2855103497501794,0.3496427873799597,LKOH
2023-01-13,0.10758593079365042,0.7158196134574126,-0.6082336826637622,LKOH
2023-01-17,-0.07776813061855492,-1.3917884481558822,1.3140203175373273,LKOH
2023-01-18,-0.15984609635876623,-0.3528581510232982,0.19301205466453197,LKOH
2023-01-19,-0.4777812378983626,-1.6288951841359633,1.1511139462376008,LKOH
2023-01-20,0.07191874123135733,0.3599712023038073,-0.28805246107245,LKOH
2023-01-23,0.40190439530351085,0.6456241032998626,-0.2437197079963518,LKOH
2023-01-24,-0.01576249066995672,3.552713678800501e-15,-0.015762490669960272,LKOH
2023-01-25,-0.10354425887078023,-0.4276550249465423,0.32411076607576206,LKOH
2023-01-26,-0.005272453589402204,0.21474588403721384,-0.22001833762661605,LKOH
2023-01-27,0.28162221585216685,1.8571428571428577,-1.5755206412906908,LKOH
2023-01-30,0.28162221585216685,1.683029453015422,-1.401407237163255,LKOH
2023-01-31,0.16048018682043974,2.068965517241381,-1.908485330420941,LKOH
2023-02-01,0.09204379970122645,2.1621621621621614,-2.070118362460935,LKOH
2023-02-02,0.16723248698435356,-1.3888888888888893,1.5561213758732428,LKOH
2023-02-03,0.10980178663751516,-0.20120724346077878,0.31100903009829395,LKOH
2023-02-06,0.39393846483018535,2.284946236559133,-1.8910077717289475,LKOH
2023-02-07,0.061607097211314965,-0.5256241787122207,0.5872312759235356,LKOH
2023-02-08,-0.20168745287100975,1.5852047556142672,-1.786892208485277,LKOH
2023-02-09,0.3024724552524596,-0.26007802340702213,0.5625504786594817,LKOH
2023-02-10,-0.09385814986057994,0.7822685788787496,-0.8761267287393295,LKOH
2023-02-13,0.14785355307450132,4.269081500646831,-4.121227947572329,LKOH
2023-02-14,-0.3497328847948822,-2.6054590570719576,2.2557261722770754,LKOH
2023-02-15,-1.2749121733130053,-3.7579617834395087,2.4830496101265034,LKOH
2023-02-16,0.08443918651830984,1.125082726671092,-1.0406435401527823,LKOH
2023-02-17,0.3024724552524596,3.0759162303664844,-2.773443775114025,LKOH
2023-02-21,0.5858800231878689,0.6430868167202526,-0.05720679353238367,LKOH
2023-02-22,0.1874354315960396,0.4472843450479296,-0.25984891345189,LKOH
2023-02-24,-0.07328293600252067,-0.31806615776082126,0.24478322175830058,LKOH
2023-02-27,0.6961226532511979,0.25526483726865834,0.4408578159825396,LKOH
2023-02-28,0.1345855302267296,1.8459579885423416,-1.711372458315612,LKOH
2023-03-01,0.18119378760365024,1.0000000000000036,-0.8188062123963533,LKOH
2023-03-02,-0.14021617356277005,-0.8663366336633587,0.7261204601005886,LKOH
2023-03-03,0.4625899106469511,0.8114856429463124,-0.3488957322993613,LKOH
2023-03-06,0.45554099062954023,1.7337461300309656,-1.2782051394014253,LKOH
2023-03-07,0.20639347612198122,2.008520998174067,-1.8021275220520856,LKOH
2023-03-09,0.03718211303959151,0.536992840095472,-0.4998107270558805,LKOH
2023-03-10,-0.2900956923919509,-0.2967359050445211,0.006640212652570199,LKOH
2023-03-13,-0.0014974905623326151,-0.7738095238095184,0.7723120332471858,LKOH
2023-03-14,0.1370684963973119,0.3599280143971235,-0.22285951799981163,LKOH
2023-03-15,-0.13184860779732333,-1.554094441123734,1.4222458333264107,LKOH
2023-03-16,0.07191874123135733,-0.18214936247723656,0.2540681037085939,LKOH
2023-03-17,0.6604503144860097,2.1289537712895417,-1.468503456803532,LKOH
2023-03-20,0.8596995317436438,1.965455628350199,-1.1057560966065552,LKOH
2023-03-21,0.1101178407384431,1.3434579439252445,-1.2333401031868014,LKOH
2023-03-22,-0.01714667504779044,0.5763688760806929,-0.5935155511284833,LKOH
2023-03-23,-0.011602192802676825,0.9169054441260656,-0.9285076369287424,LKOH
2023-03-24,0.11848961239941502,4.37251561612721,-4.254026003727795,LKOH
2023-03-27,0.5018051984278671,2.5027203482045586,-2.0009151497766915,LKOH
2023-03-28,0.02414442220166535,3.1847133757961856,-3.1605689535945203,LKOH
2023-03-29,0.47447079710059015,0.7201646090534979,-0.24569381195290774,LKOH
2023-03-30,0.14785355307450132,-1.123595505617974,1.2714490586924754,LKOH
2023-03-31,-0.13204440601953848,-0.20661157024792942,0.07456716422839094,LKOH
2023-04-03,0.22221995964995145,-1.0869565217391255,1.309176481389077,LKOH
2023-04-04,-0.010442835564020925,0.4186289900575595,-0.4290718256215804,LKOH
2023-04-05,0.3024724552524596,-1.094319958311619,1.3967924135640786,LKOH
2023-04-06,-0.014041501036505366,0.42149631190727277,-0.43553781294377814,LKOH
2023-04-11,-0.28735274017850543,-1.0422094841063085,0.7548567439278031,LKOH
2023-04-12,0.2489415293433055,-0.26329647182728877,0.5122380011705943,LKOH
2023-04-13,-0.12723288214496264,1.3199577613516453,-1.447190643496608,LKOH
2023-04-14,0.11440396612903214,-0.4689942678478438,0.583398233976876,LKOH
2023-04-17,0.3797455477265643,0.47120418848168555,-0.09145864075512122,LKOH
2023-04-18,0.3496649383208137,3.552713678800501e-15,0.34966493832081014,LKOH
2023-04-19,-0.06620221630184986,-0.8858780614903736,0.8196758451885238,LKOH
2023-04-20,0.2249336866113545,-0.1051524710830698,0.3300861576944243,LKOH
2023-04-21,0.12788438323662277,0.3157894736842053,-0.18790509044758252,LKOH
2023-04-24,0.18949305627153734,2.0986358866736694,-1.909142830402132,LKOH
2023-04-25,0.10269972675661876,0.4624871531346386,-0.35978742637801986,LKOH
2023-04-26,0.07138011476878958,5.370843989769817,-5.2994638750010274,LKOH
2023-04-27,0.14785355307450132,-0.04854368932038611,0.19639724239488743,LKOH
2023-04-28,-0.07191533706167874,-3.156872268091309,3.0849569310296303,LKOH
2023-05-02,-0.9301688612498253,-7.673019057171519,6.742850195921694,LKOH
2023-05-03,-0.8465734810767884,-2.7159152634437795,1.8693417823669911,LKOH
2023-05-04,-0.3898737060381805,1.0050251256281406,-1.3948988316663211,LKOH
2023-05-05,0.13197092170082314,-1.160862354892199,1.2928332765930222,LKOH
2023-05-10,1.0531229202682972,5.501985252410673,-4.448862332142376,LKOH
2023-05-11,1.053083916404102,2.741935483870968,-1.688851567466866,LKOH
2023-05-12,-0.8110034975402911,-1.6221873364730612,0.8111838389327701,LKOH
2023-05-15,0.8119307711585186,1.2765957446808507,-0.46466497352233205,LKOH
2023-05-16,0.3919621672766631,0.26260504201681556,0.12935712525984755,LKOH
2023-05-17,0.06980209388628467,0.8905185961236199,-0.8207165022373353,LKOH
2023-05-19,0.015462815311177991,-1.3499480789200433,1.3654108942312213,LKOH
2023-05-23,0.21265627077066895,2.8421052631579045,-2.6294489923872355,LKOH
2023-05-24,0.48065424532069656,-1.3817809621289605,1.862435207449657,LKOH
2023-05-25,-0.12860229750902263,-1.6606123508043567,1.532010053295334,LKOH
2023-05-26,0.2249336866113545,0.9498680738786298,-0.7249343872672753,LKOH
2023-05-30,-0.4702138388131587,-1.1322696860524921,0.6620558472393334,LKOH
2023-05-31,0.14785355307450132,0.832899531494018,-0.6850459784195166,LKOH
2023-06-02,0.3874429982518741,-1.1357769747031554,1.5232199729550295,LKOH
2023-06-05,-0.5562556374602536,0.41775456919060616,-0.9740102066508598,LKOH
2023-06-06,0.05472904770896747,-5.356214248569945,5.410943296278912,LKOH
2023-06-07,0.07316333583519707,-0.7692307692307665,0.8423941050659636,LKOH
2023-06-08,0.047302154652147266,2.491694352159463,-2.444392197507316,LKOH
2023-06-09,0.003409497608767964,0.16207455429498197,-0.158665056686214,LKOH
2023-06-13,0.8835886336167178,0.6472491909385134,0.2363394426782044,LKOH
2023-06-14,0.029838725499654828,0.2679528403001008,-0.23811411480044598,LKOH
2023-06-15,0.8535661464506603,-0.10689470871191631,0.9604608551625766,LKOH
2023-06-16,0.21429789782399666,-0.5885500267522694,0.8028479245762661,LKOH
2023-06-20,-0.11420745482369554,-0.37634408602151126,0.2621366311978157,LKOH
2023-06-21,0.28162221585216685,0.3777657852131746,-0.09614356936100776,LKOH
2023-06-22,0.08177140062085186,2.204301075268816,-2.1225296746479643,LKOH
2023-06-23,-0.07246309137012119,-1.7885323513940037,1.7160692600238825,LKOH
2023-06-26,-0.5860697088084272,-1.8211033743974383,1.235033665589011,LKOH
2023-06-27,0.248342947455356,-0.2182214948172394,0.4665644422725954,LKOH
2023-06-28,0.14785355307450132,-1.2575177692728197,1.405371322347321,LKOH
2023-06-30,0.1858934490448334,-0.7751937984496209,0.9610872474944543,LKOH
2023-07-03,-0.2764170473802068,0.05580357142856229,-0.3322206188087691,LKOH
2023-07-05,0.061607097211314965,0.9470752089136525,-0.8854681117023375,LKOH
2023-07-06,0.04660416293512526,-0.49668874172186506,0.5432929046569903,LKOH
2023-07-07,0.083881715514881,1.2756516916250753,-1.1917699761101943,LKOH
2023-07-10,0.7291162532477635,1.1500547645125891,-0.4209385112648256,LKOH
2023-07-11,0.25384159185809096,-0.2707092582566233,0.5245508501147143,LKOH
2023-07-12,0.35523476986404035,0.4885993485342013,-0.13336457867016094,LKOH
2023-07-13,0.04657446983632951,-0.4862236628849175,0.532798132721247,LKOH
2023-07-14,0.28162221585216685,0.10857763300760581,0.17304458284456103,LKOH
2023-07-17,0.28162221585216685,-0.32537960954446987,0.6070018253966367,LKOH
2023-07-18,0.4806533173357046,3.6996735582154443,-3.2190202408797397,LKOH
2023-07-19,0.16491749678004197,0.6820566631689466,-0.5171391663889047,LKOH
2023-07-20,-0.22100441545614302,-2.0844189682126135,1.8634145527564705,LKOH
2023-07-21,0.14785355307450132,0.6386375731772205,-0.49078402010271915,LKOH
2023-07-24,0.26942597784303857,1.6393442622950722,-1.3699182844520337,LKOH
2023-07-25,0.24884696254594374,2.1852237252861606,-1.9363767627402169,LKOH
2023-07-26,-0.0874173288504494,2.3930753564154905,-2.48049268526594,LKOH
2023-07-27,0.47447079710059015,0.696171059174528,-0.2217002620739379,LKOH
